Description,Within_Radius
"There is a car at coordinates 53.5499473, 9.9665646, going speed 26.0 and heading 259.0.",False
"There is a car at coordinates 53.54991215, 9.96622872, going speed 26.0 and heading 260.0.",False
"There is a car at coordinates 53.54988096, 9.96588972, going speed 27.0 and heading 260.0.",False
"There is a car at coordinates 53.54984732, 9.96554787, going speed 27.0 and heading 260.0.",False
"There is a car at coordinates 53.54981498, 9.96521906, going speed 25.0 and heading 260.0.",False
"There is a car at coordinates 53.54978743, 9.96492858, going speed 23.0 and heading 260.0.",False
"There is a car at coordinates 53.54975679, 9.96465541, going speed 21.0 and heading 260.0.",False
"There is a car at coordinates 53.5497289, 9.96440049, going speed 20.0 and heading 260.0.",False
"There is a car at coordinates 53.54970413, 9.96415339, going speed 19.0 and heading 259.0.",False
"There is a car at coordinates 53.54968037, 9.96392501, going speed 17.0 and heading 260.0.",False
"There is a car at coordinates 53.54966254, 9.96374721, going speed 11.0 and heading 260.0.",False
"There is a car at coordinates 53.54964887, 9.96363337, going speed 6.0 and heading 260.0.",False
"There is a car at coordinates 53.54964185, 9.96359532, going speed 1.0 and heading 260.0.",False
"There is a car at coordinates 53.5496376, 9.96355077, going speed 5.0 and heading 260.0.",False
"There is a car at coordinates 53.54962765, 9.96345969, going speed 11.0 and heading 260.0.",False
"There is a car at coordinates 53.54960937, 9.96326258, going speed 19.0 and heading 261.0.",False
"There is a car at coordinates 53.54958433, 9.9629919, going speed 22.0 and heading 261.0.",False
"There is a car at coordinates 53.54955929, 9.96271833, going speed 22.0 and heading 261.0.",False
"There is a car at coordinates 53.54954027, 9.96244616, going speed 20.0 and heading 261.0.",False
"There is a car at coordinates 53.54953355, 9.96221662, going speed 17.0 and heading 263.0.",False
"There is a car at coordinates 53.54954251, 9.96200961, going speed 14.0 and heading 268.0.",False
"There is a car at coordinates 53.54955041, 9.96183883, going speed 12.0 and heading 268.0.",False
"There is a car at coordinates 53.54954991, 9.96169596, going speed 10.0 and heading 268.0.",False
"There is a car at coordinates 53.5495487, 9.96161011, going speed 2.0 and heading 268.0.",False
"There is a car at coordinates 53.54953673, 9.96157706, going speed 5.0 and heading 267.0.",False
"There is a car at coordinates 53.54952478, 9.961487, going speed 9.0 and heading 268.0.",False
"There is a car at coordinates 53.54951646, 9.96135371, going speed 11.0 and heading 272.0.",False
"There is a car at coordinates 53.54950842, 9.96117875, going speed 17.0 and heading 270.0.",False
"There is a car at coordinates 53.54949666, 9.96091812, going speed 23.0 and heading 272.0.",False
"There is a car at coordinates 53.54949787, 9.96058991, going speed 28.0 and heading 271.0.",False
"There is a car at coordinates 53.54950665, 9.96023224, going speed 28.0 and heading 272.0.",False
"There is a car at coordinates 53.54951671, 9.9598621, going speed 30.0 and heading 272.0.",False
"There is a car at coordinates 53.54952158, 9.95946099, going speed 32.0 and heading 272.0.",False
"There is a car at coordinates 53.54953673, 9.95905609, going speed 32.0 and heading 273.0.",False
"There is a car at coordinates 53.54956688, 9.95864076, going speed 33.0 and heading 277.0.",False
"There is a car at coordinates 53.54961662, 9.95821978, going speed 34.0 and heading 279.0.",False
"There is a car at coordinates 53.54966323, 9.95780039, going speed 33.0 and heading 285.0.",False
"There is a car at coordinates 53.54970694, 9.95739358, going speed 32.0 and heading 279.0.",False
"There is a car at coordinates 53.5497493, 9.95699743, going speed 31.0 and heading 278.0.",False
"There is a car at coordinates 53.54978887, 9.95662138, going speed 28.0 and heading 271.0.",False
"There is a car at coordinates 53.54981792, 9.95631005, going speed 20.0 and heading 271.0.",False
"There is a car at coordinates 53.54983651, 9.95609183, going speed 15.0 and heading 269.0.",False
"There is a car at coordinates 53.54985405, 9.95594357, going speed 7.0 and heading 273.0.",False
"There is a car at coordinates 53.54985645, 9.95591071, going speed 2.0 and heading 276.0.",False
"There is a car at coordinates 53.54988047, 9.95581172, going speed 10.0 and heading 293.0.",False
"There is a car at coordinates 53.54995336, 9.955724, going speed 13.0 and heading 326.0.",False
"There is a car at coordinates 53.55005985, 9.95575036, going speed 13.0 and heading 10.0.",False
"There is a car at coordinates 53.55015145, 9.95580251, going speed 11.0 and heading 8.0.",False
"There is a car at coordinates 53.55020474, 9.95581985, going speed 1.0 and heading 7.0.",False
"There is a car at coordinates 53.55023608, 9.95581782, going speed 10.0 and heading 6.0.",False
"There is a car at coordinates 53.55034465, 9.95579593, going speed 19.0 and heading 3.0.",False
"There is a car at coordinates 53.55051317, 9.95577854, going speed 25.0 and heading 2.0.",False
"There is a car at coordinates 53.55072045, 9.95576861, going speed 29.0 and heading 4.0.",False
"There is a car at coordinates 53.55095124, 9.95576869, going speed 31.0 and heading 5.0.",False
"There is a car at coordinates 53.55116916, 9.9557913, going speed 26.0 and heading 2.0.",False
"There is a car at coordinates 53.5513369, 9.95581542, going speed 16.0 and heading 1.0.",False
"There is a car at coordinates 53.55142483, 9.95580563, going speed 5.0 and heading 359.0.",False
"There is a car at coordinates 53.55147883, 9.95578107, going speed 11.0 and heading 359.0.",False
"There is a car at coordinates 53.55158301, 9.95579612, going speed 13.0 and heading 356.0.",False
"There is a car at coordinates 53.55166617, 9.95576627, going speed 8.0 and heading 351.0.",False
"There is a car at coordinates 53.55169235, 9.95569246, going speed 8.0 and heading 317.0.",False
"There is a car at coordinates 53.55166629, 9.95556445, going speed 11.0 and heading 266.0.",False
"There is a car at coordinates 53.5516176, 9.95539097, going speed 18.0 and heading 244.0.",False
"There is a car at coordinates 53.55156498, 9.95513964, going speed 25.0 and heading 258.0.",False
"There is a car at coordinates 53.55149834, 9.95482208, going speed 25.0 and heading 249.0.",False
"There is a car at coordinates 53.55143242, 9.95452717, going speed 25.0 and heading 248.0.",False
"There is a car at coordinates 53.55135756, 9.95422881, going speed 26.0 and heading 246.0.",False
"There is a car at coordinates 53.55127786, 9.953915, going speed 26.0 and heading 246.0.",False
"There is a car at coordinates 53.55119797, 9.95361086, going speed 26.0 and heading 245.0.",False
"There is a car at coordinates 53.55111738, 9.95329267, going speed 27.0 and heading 246.0.",False
"There is a car at coordinates 53.55103964, 9.95296423, going speed 28.0 and heading 248.0.",False
"There is a car at coordinates 53.55096979, 9.95261389, going speed 29.0 and heading 252.0.",False
"There is a car at coordinates 53.55091541, 9.95224984, going speed 30.0 and heading 257.0.",False
"There is a car at coordinates 53.55087792, 9.95186175, going speed 31.0 and heading 263.0.",False
"There is a car at coordinates 53.55085688, 9.95146797, going speed 30.0 and heading 269.0.",False
"There is a car at coordinates 53.55085072, 9.95110045, going speed 28.0 and heading 274.0.",False
"There is a car at coordinates 53.5508541, 9.95074189, going speed 27.0 and heading 276.0.",False
"There is a car at coordinates 53.5508656, 9.95040198, going speed 26.0 and heading 285.0.",False
"There is a car at coordinates 53.55089487, 9.95005866, going speed 27.0 and heading 285.0.",False
"There is a car at coordinates 53.55094771, 9.94972648, going speed 26.0 and heading 287.0.",False
"There is a car at coordinates 53.55100196, 9.94940348, going speed 25.0 and heading 286.0.",False
"There is a car at coordinates 53.55104937, 9.94909794, going speed 25.0 and heading 286.0.",False
"There is a car at coordinates 53.55110191, 9.94879273, going speed 25.0 and heading 287.0.",False
"There is a car at coordinates 53.550923159345984, 9.964976543560624, going speed 17.0 and heading 191.0.",False
"There is a car at coordinates 53.54972236789763, 9.963973481208086, going speed 8.0 and heading 261.0.",False
"There is a car at coordinates 53.54968272149563, 9.963596798479555, going speed 17.0 and heading 261.0.",False
"There is a car at coordinates 53.5496583301574, 9.963355148211122, going speed 16.0 and heading 260.0.",False
"There is a car at coordinates 53.5496297897771, 9.963151887059212, going speed 15.0 and heading 260.0.",False
"There is a car at coordinates 53.549617803655565, 9.963016603142025, going speed 3.0 and heading 250.0.",False
"There is a car at coordinates 53.54961105622351, 9.96297100558877, going speed 2.0 and heading 262.0.",False
"There is a car at coordinates 53.54961562436074, 9.962907806038857, going speed 12.0 and heading 266.0.",False
"There is a car at coordinates 53.54960062075406, 9.962672777473928, going speed 20.0 and heading 260.0.",False
"There is a car at coordinates 53.54957618750632, 9.96243397705257, going speed 21.0 and heading 261.0.",False
"There is a car at coordinates 53.5495520895347, 9.962110435590148, going speed 24.0 and heading 265.0.",False
"There is a car at coordinates 53.54953704401851, 9.96181296184659, going speed 18.0 and heading 267.0.",False
"There is a car at coordinates 53.549537253566086, 9.96162235736847, going speed 12.0 and heading 277.0.",False
"There is a car at coordinates 53.54955397546291, 9.9614739138633, going speed 12.0 and heading 287.0.",False
"There is a car at coordinates 53.54961897712201, 9.961366038769484, going speed 9.0 and heading 334.0.",False
"There is a car at coordinates 53.54966226965189, 9.961352292448282, going speed 5.0 and heading 353.0.",False
"There is a car at coordinates 53.54974118527025, 9.961332846432924, going speed 17.0 and heading 354.0.",False
"There is a car at coordinates 53.54990961961448, 9.96130627579987, going speed 26.0 and heading 359.0.",False
"There is a car at coordinates 53.55009062681347, 9.961285488680003, going speed 20.0 and heading 351.0.",False
"There is a car at coordinates 53.5502513917163, 9.96129303239286, going speed 19.0 and heading 1.0.",False
"There is a car at coordinates 53.55035834480077, 9.961384059861302, going speed 8.0 and heading 39.0.",False
"There is a car at coordinates 53.550396943464875, 9.961567539721727, going speed 15.0 and heading 90.0.",False
"There is a car at coordinates 53.55041865259409, 9.961733501404524, going speed 4.0 and heading 92.0.",False
"There is a car at coordinates 53.55043172836304, 9.961735345423222, going speed 4.0 and heading 93.0.",False
"There is a car at coordinates 53.55043814051896, 9.961903486400844, going speed 17.0 and heading 85.0.",False
"There is a car at coordinates 53.5504424571991, 9.962118482217193, going speed 14.0 and heading 95.0.",False
"There is a car at coordinates 53.55042137671262, 9.962354935705662, going speed 22.0 and heading 95.0.",False
"There is a car at coordinates 53.55045058764517, 9.962774533778427, going speed 37.0 and heading 87.0.",False
"There is a car at coordinates 53.55045599397272, 9.963263450190423, going speed 35.0 and heading 85.0.",False
"There is a car at coordinates 53.55046974029392, 9.96375136077404, going speed 38.0 and heading 88.0.",False
"There is a car at coordinates 53.55047225486487, 9.96425561606884, going speed 38.0 and heading 90.0.",False
"There is a car at coordinates 53.55048013385385, 9.964658450335264, going speed 25.0 and heading 91.0.",False
"There is a car at coordinates 53.55044899508357, 9.96485911309719, going speed 15.0 and heading 98.0.",False
"There is a car at coordinates 53.55045247357339, 9.965172428637745, going speed 27.0 and heading 94.0.",False
"There is a car at coordinates 53.55048088822514, 9.965596720576286, going speed 29.0 and heading 84.0.",False
"There is a car at coordinates 53.550495095551014, 9.966024029999971, going speed 36.0 and heading 87.0.",False
"There is a car at coordinates 53.55049170088023, 9.966510431841016, going speed 37.0 and heading 89.0.",False
"There is a car at coordinates 53.54634339999999, 9.9661471, going speed 51.0 and heading 279.0.",False
"There is a car at coordinates 53.546404499999994, 9.9655174, going speed 50.0 and heading 278.0.",False
"There is a car at coordinates 53.5464513, 9.9649019, going speed 48.0 and heading 275.0.",False
"There is a car at coordinates 53.5464825, 9.9643048, going speed 47.0 and heading 273.0.",False
"There is a car at coordinates 53.5465039, 9.9636957, going speed 48.0 and heading 271.0.",False
"There is a car at coordinates 53.546508, 9.963119999999998, going speed 42.0 and heading 268.0.",False
"There is a car at coordinates 53.5465293, 9.9627184, going speed 19.0 and heading 266.0.",False
"There is a car at coordinates 53.5465347, 9.9626108, going speed 1.0 and heading 266.0.",False
"There is a car at coordinates 53.5465194, 9.9625038, going speed 19.0 and heading 265.0.",False
"There is a car at coordinates 53.5464729, 9.9621292, going speed 40.0 and heading 265.0.",False
"There is a car at coordinates 53.5464302, 9.9615366, going speed 52.0 and heading 263.0.",False
"There is a car at coordinates 53.54637339999999, 9.960874100000002, going speed 53.0 and heading 260.0.",False
"There is a car at coordinates 53.5463099, 9.9602409, going speed 50.0 and heading 259.0.",False
"There is a car at coordinates 53.54623920000001, 9.9596354, going speed 48.0 and heading 258.0.",False
"There is a car at coordinates 53.5461639, 9.9590464, going speed 48.0 and heading 258.0.",False
"There is a car at coordinates 53.5460937, 9.9584363, going speed 50.0 and heading 258.0.",False
"There is a car at coordinates 53.5460161, 9.9578, going speed 52.0 and heading 258.0.",False
"There is a car at coordinates 53.54593929999999, 9.9571573, going speed 53.0 and heading 258.0.",False
"There is a car at coordinates 53.545858200000005, 9.9564893, going speed 57.0 and heading 258.0.",False
"There is a car at coordinates 53.5457791, 9.9556505, going speed 72.0 and heading 256.0.",False
"There is a car at coordinates 53.5456848, 9.9548324, going speed 59.0 and heading 260.0.",False
"There is a car at coordinates 53.545696, 9.954157, going speed 48.0 and heading 284.0.",False
"There is a car at coordinates 53.5459192, 9.9536804, going speed 51.0 and heading 327.0.",False
"There is a car at coordinates 53.546260499999995, 9.9533627, going speed 46.0 and heading 341.0.",False
"There is a car at coordinates 53.54657770000001, 9.9533304, going speed 42.0 and heading 5.0.",False
"There is a car at coordinates 53.54690953308237, 9.95359143841768, going speed 53.0 and heading 20.0.",False
"There is a car at coordinates 53.54728899588403, 9.953854698076048, going speed 59.0 and heading 28.0.",False
"There is a car at coordinates 53.547681006353635, 9.954199048557156, going speed 63.0 and heading 26.0.",False
"There is a car at coordinates 53.54808687417487, 9.95452974364336, going speed 58.0 and heading 24.0.",False
"There is a car at coordinates 53.548429710004406, 9.95479657078614, going speed 45.0 and heading 25.0.",False
"There is a car at coordinates 53.54870626273531, 9.954993107114822, going speed 34.0 and heading 18.0.",False
"There is a car at coordinates 53.54894501408979, 9.955127961478542, going speed 31.0 and heading 18.0.",False
"There is a car at coordinates 53.54917717441815, 9.955270118840296, going speed 33.0 and heading 21.0.",False
"There is a car at coordinates 53.549381145987745, 9.955372380212165, going speed 20.0 and heading 14.0.",False
"There is a car at coordinates 53.54947622487243, 9.955410680554316, going speed 4.0 and heading 13.0.",False
"There is a car at coordinates 53.5495132, 9.9553977, going speed 12.0 and heading 13.0.",False
"There is a car at coordinates 53.5497014, 9.9555483, going speed 39.0 and heading 12.0.",False
"There is a car at coordinates 53.5500389, 9.9557004, going speed 54.0 and heading 5.0.",False
"There is a car at coordinates 53.5504463, 9.9557924, going speed 54.0 and heading 5.0.",False
"There is a car at coordinates 53.550834804419125, 9.9558196175085, going speed 49.0 and heading 1.0.",False
"There is a car at coordinates 53.55115650567269, 9.955827926494898, going speed 36.0 and heading 4.0.",False
"There is a car at coordinates 53.55135136075259, 9.955857162329687, going speed 17.0 and heading 5.0.",False
"There is a car at coordinates 53.55142353780556, 9.95586671817295, going speed 2.0 and heading 3.0.",False
"There is a car at coordinates 53.55151239646592, 9.955872551128268, going speed 27.0 and heading 1.0.",False
"There is a car at coordinates 53.5517849609375, 9.955881892935322, going speed 45.0 and heading 355.0.",False
"There is a car at coordinates 53.546439365602346, 9.951743387047417, going speed 34.0 and heading 81.0.",False
"There is a car at coordinates 53.54645357671144, 9.952077595295526, going speed 23.0 and heading 87.0.",False
"There is a car at coordinates 53.54645323244978, 9.952276480398046, going speed 14.0 and heading 93.0.",False
"There is a car at coordinates 53.5464514556684, 9.952372035310193, going speed 4.0 and heading 93.0.",False
"There is a car at coordinates 53.54644892710056, 9.952405285972445, going speed 2.0 and heading 95.0.",False
"There is a car at coordinates 53.546447363325534, 9.95242594866364, going speed 2.0 and heading 95.0.",False
"There is a car at coordinates 53.54643625454742, 9.952576113908185, going speed 14.0 and heading 101.0.",False
"There is a car at coordinates 53.546399373712674, 9.952812056848645, going speed 21.0 and heading 111.0.",False
"There is a car at coordinates 53.546302105755096, 9.953090278365249, going speed 26.0 and heading 126.0.",False
"There is a car at coordinates 53.54612265731499, 9.953363956626896, going speed 34.0 and heading 139.0.",False
"There is a car at coordinates 53.54591088618105, 9.953589059355256, going speed 32.0 and heading 147.0.",False
"There is a car at coordinates 53.545703708561845, 9.953848591492983, going speed 35.0 and heading 141.0.",False
"There is a car at coordinates 53.54558295331563, 9.954288691008934, going speed 39.0 and heading 100.0.",False
"There is a car at coordinates 53.54557793405464, 9.954784558255446, going speed 38.0 and heading 82.0.",False
"There is a car at coordinates 53.54563447747225, 9.955244339245413, going speed 37.0 and heading 77.0.",False
"There is a car at coordinates 53.54571855026067, 9.955699919471776, going speed 37.0 and heading 76.0.",False
"There is a car at coordinates 53.54578168184806, 9.956143897224193, going speed 35.0 and heading 78.0.",False
"There is a car at coordinates 53.54583696836271, 9.956590034139293, going speed 36.0 and heading 78.0.",False
"There is a car at coordinates 53.545893920059314, 9.957034788439543, going speed 36.0 and heading 78.0.",False
"There is a car at coordinates 53.5459461888329, 9.95746092255695, going speed 34.0 and heading 78.0.",False
"There is a car at coordinates 53.54600122844513, 9.957934076629972, going speed 38.0 and heading 78.0.",False
"There is a car at coordinates 53.546054492251805, 9.958412198509246, going speed 40.0 and heading 78.0.",False
"There is a car at coordinates 53.54610072488583, 9.958932814441166, going speed 42.0 and heading 78.0.",False
"There is a car at coordinates 53.546160940342894, 9.959449044730327, going speed 40.0 and heading 78.0.",False
"There is a car at coordinates 53.54622500173472, 9.95993073756124, going speed 39.0 and heading 78.0.",False
"There is a car at coordinates 53.54628163987993, 9.960385432821772, going speed 36.0 and heading 79.0.",False
"There is a car at coordinates 53.54632342939108, 9.960845947591425, going speed 36.0 and heading 80.0.",False
"There is a car at coordinates 53.54637807359736, 9.961302644935447, going speed 36.0 and heading 83.0.",False
"There is a car at coordinates 53.5464182130812, 9.961756785177355, going speed 36.0 and heading 83.0.",False
"There is a car at coordinates 53.54644962791617, 9.962233770546822, going speed 38.0 and heading 85.0.",False
"There is a car at coordinates 53.54647444082499, 9.96274795068, going speed 40.0 and heading 86.0.",False
"There is a car at coordinates 53.54648588629722, 9.96324697638884, going speed 40.0 and heading 88.0.",False
"There is a car at coordinates 53.54647901939118, 9.963804519414008, going speed 45.0 and heading 92.0.",False
"There is a car at coordinates 53.54645557045139, 9.964369943306751, going speed 44.0 and heading 94.0.",False
"There is a car at coordinates 53.54642704471275, 9.964892387258908, going speed 41.0 and heading 96.0.",False
"There is a car at coordinates 53.54637960382238, 9.965440254604925, going speed 44.0 and heading 98.0.",False
"There is a car at coordinates 53.54633418665806, 9.966004117014265, going speed 46.0 and heading 99.0.",False
"There is a car at coordinates 53.546274243766355, 9.96659885927715, going speed 48.0 and heading 99.0.",False
"There is a car at coordinates 53.55034549343523, 9.961248773379126, going speed 20.0 and heading 11.0.",False
"There is a car at coordinates 53.550433676129565, 9.961435964804796, going speed 20.0 and heading 74.0.",False
"There is a car at coordinates 53.55044623666315, 9.961740222155436, going speed 24.0 and heading 84.0.",False
"There is a car at coordinates 53.550457338390906, 9.961931102882104, going speed 13.0 and heading 84.0.",False
"There is a car at coordinates 53.55045348123052, 9.962027099181253, going speed 4.0 and heading 84.0.",False
"There is a car at coordinates 53.55046076967477, 9.96220562759829, going speed 19.0 and heading 78.0.",False
"There is a car at coordinates 53.55049946092261, 9.962568100721548, going speed 34.0 and heading 80.0.",False
"There is a car at coordinates 53.550505868247846, 9.963053962613628, going speed 38.0 and heading 82.0.",False
"There is a car at coordinates 53.550523530215976, 9.963545930322333, going speed 38.0 and heading 83.0.",False
"There is a car at coordinates 53.55053380285731, 9.96398656218756, going speed 33.0 and heading 84.0.",False
"There is a car at coordinates 53.55054659953652, 9.964363326055622, going speed 32.0 and heading 84.0.",False
"There is a car at coordinates 53.55055075452452, 9.964598515722727, going speed 12.0 and heading 86.0.",False
"There is a car at coordinates 53.55055857252481, 9.96484187109326, going speed 23.0 and heading 84.0.",False
"There is a car at coordinates 53.55057103899464, 9.965219464791778, going speed 32.0 and heading 84.0.",False
"There is a car at coordinates 53.550568135184534, 9.965650721255953, going speed 34.0 and heading 85.0.",False
"There is a car at coordinates 53.55056501599702, 9.966086303224172, going speed 35.0 and heading 87.0.",False
"There is a car at coordinates 53.55056902568519, 9.966523861088811, going speed 31.0 and heading 86.0.",False
"There is a car at coordinates 53.550998736644296, 9.954922041889096, going speed 11.0 and heading 359.0.",False
"There is a car at coordinates 53.550866452324016, 9.9549003651207, going speed 0.0 and heading 0.0.",False
"There is a car at coordinates 53.55078884124603, 9.955002001989744, going speed 6.0 and heading 0.0.",False
"There is a car at coordinates 53.55032875239047, 9.95485334099262, going speed 6.0 and heading 135.0.",False
"There is a car at coordinates 53.55025394262675, 9.954895909868602, going speed 14.0 and heading 107.0.",False
"There is a car at coordinates 53.550289645239424, 9.955128130307344, going speed 9.0 and heading 99.0.",False
"There is a car at coordinates 53.55029017756907, 9.955305536796724, going speed 12.0 and heading 98.0.",False
"There is a car at coordinates 53.550278756124754, 9.95542144404044, going speed 7.0 and heading 97.0.",False
"There is a car at coordinates 53.55017377906845, 9.955559045073684, going speed 17.0 and heading 153.0.",False
"There is a car at coordinates 53.55002465610717, 9.95556433769985, going speed 15.0 and heading 183.0.",False
"There is a car at coordinates 53.54998632085861, 9.95555766163495, going speed 1.0 and heading 182.0.",False
"There is a car at coordinates 53.54997791847947, 9.955558154345727, going speed 1.0 and heading 181.0.",False
"There is a car at coordinates 53.54992969770667, 9.95556395657963, going speed 4.0 and heading 171.0.",False
"There is a car at coordinates 53.54981178618019, 9.955556342637538, going speed 17.0 and heading 177.0.",False
"There is a car at coordinates 53.54969098073639, 9.955724521571282, going speed 24.0 and heading 123.0.",False
"There is a car at coordinates 53.54971629272048, 9.95617353661815, going speed 36.0 and heading 85.0.",False
"There is a car at coordinates 53.549723539979965, 9.956905058837826, going speed 45.0 and heading 93.0.",False
"There is a car at coordinates 53.549676922450125, 9.957480969157604, going speed 44.0 and heading 98.0.",False
"There is a car at coordinates 53.54960985691414, 9.95806654615367, going speed 47.0 and heading 100.0.",False
"There is a car at coordinates 53.549553555627874, 9.95863027408114, going speed 44.0 and heading 98.0.",False
"There is a car at coordinates 53.54952119127242, 9.959115983137334, going speed 37.0 and heading 94.0.",False
"There is a car at coordinates 53.5495001844739, 9.959540657959002, going speed 33.0 and heading 94.0.",False
"There is a car at coordinates 53.54948660959637, 9.959979989260123, going speed 36.0 and heading 93.0.",False
"There is a car at coordinates 53.54947272160776, 9.960382601951665, going speed 30.0 and heading 92.0.",False
"There is a car at coordinates 53.549465098895325, 9.960668813903522, going speed 19.0 and heading 92.0.",False
"There is a car at coordinates 53.54946560346463, 9.960828203163873, going speed 10.0 and heading 90.0.",False
"There is a car at coordinates 53.54946596673024, 9.960882970732236, going speed 3.0 and heading 89.0.",False
"There is a car at coordinates 53.5494690650278, 9.960994665097084, going speed 12.0 and heading 90.0.",False
"There is a car at coordinates 53.54946367817434, 9.961267467828124, going speed 25.0 and heading 92.0.",False
"There is a car at coordinates 53.549462002320574, 9.961637379935931, going speed 28.0 and heading 88.0.",False
"There is a car at coordinates 53.549461886556855, 9.961848347679032, going speed 13.0 and heading 87.0.",False
"There is a car at coordinates 53.54946506626747, 9.96190125798296, going speed 3.0 and heading 87.0.",False
"There is a car at coordinates 53.549461958078254, 9.961920100567877, going speed 1.0 and heading 87.0.",False
"There is a car at coordinates 53.54946579630379, 9.96207646685505, going speed 17.0 and heading 86.0.",False
"There is a car at coordinates 53.54948224649408, 9.962460674825678, going speed 33.0 and heading 85.0.",False
"There is a car at coordinates 53.54952532188156, 9.962929385171645, going speed 37.0 and heading 80.0.",False
"There is a car at coordinates 53.549570014676895, 9.963360822473945, going speed 32.0 and heading 80.0.",False
"There is a car at coordinates 53.54960354572985, 9.963682031847783, going speed 23.0 and heading 80.0.",False
"There is a car at coordinates 53.5496280248913, 9.96395203368837, going speed 22.0 and heading 80.0.",False
"There is a car at coordinates 53.54965620387744, 9.964247242215723, going speed 24.0 and heading 80.0.",False
"There is a car at coordinates 53.54968977293001, 9.96458902534977, going speed 28.0 and heading 80.0.",False
"There is a car at coordinates 53.54972716513132, 9.96498802827174, going speed 33.0 and heading 80.0.",False
"There is a car at coordinates 53.549772965613535, 9.965432376296762, going speed 35.0 and heading 80.0.",False
"There is a car at coordinates 53.54981763646003, 9.965866003607, going speed 34.0 and heading 80.0.",False
"There is a car at coordinates 53.54985306788624, 9.966228978411682, going speed 26.0 and heading 80.0.",False
"There is a car at coordinates 53.54988170185832, 9.966499428530351, going speed 18.0 and heading 80.0.",False
"There is a car at coordinates 53.54989385148811, 9.966617328562956, going speed 6.0 and heading 80.0.",False
"There is a car at coordinates 53.54990072202196, 9.966667130287286, going speed 3.0 and heading 80.0.",False
"There is a car at coordinates 53.54632082619846, 9.96653988288466, going speed 7.0 and heading 279.0.",False
"There is a car at coordinates 53.54632339110829, 9.966499744899718, going speed 6.0 and heading 279.0.",False
"There is a car at coordinates 53.54634693663609, 9.96627918635415, going speed 22.0 and heading 279.0.",False
"There is a car at coordinates 53.54638190145541, 9.96590851135815, going speed 33.0 and heading 279.0.",False
"There is a car at coordinates 53.54646064127224, 9.964946680121413, going speed 37.0 and heading 279.0.",False
"There is a car at coordinates 53.54648826165097, 9.964519298621012, going speed 31.0 and heading 275.0.",False
"There is a car at coordinates 53.54650114266688, 9.964201751614034, going speed 22.0 and heading 272.0.",False
"There is a car at coordinates 53.54650934710926, 9.963970173392624, going speed 15.0 and heading 270.0.",False
"There is a car at coordinates 53.54651172801908, 9.963889704618367, going speed 5.0 and heading 272.0.",False
"There is a car at coordinates 53.54651362404879, 9.963794862875384, going speed 9.0 and heading 271.0.",False
"There is a car at coordinates 53.54651496351178, 9.963716227855206, going speed 5.0 and heading 272.0.",False
"There is a car at coordinates 53.54651683761516, 9.963560537938047, going speed 17.0 and heading 271.0.",False
"There is a car at coordinates 53.54651545344558, 9.963248254801684, going speed 28.0 and heading 270.0.",False
"There is a car at coordinates 53.54649683666128, 9.962804046996707, going speed 38.0 and heading 267.0.",False
"There is a car at coordinates 53.54647409861222, 9.96227791150595, going speed 43.0 and heading 265.0.",False
"There is a car at coordinates 53.54636374915099, 9.960559798199183, going speed 46.0 and heading 259.0.",False
"There is a car at coordinates 53.54630369153077, 9.959980170747128, going speed 46.0 and heading 259.0.",False
"There is a car at coordinates 53.546232702242115, 9.959415584611936, going speed 45.0 and heading 258.0.",False
"There is a car at coordinates 53.54616254232579, 9.958871387953836, going speed 43.0 and heading 258.0.",False
"There is a car at coordinates 53.54609687915016, 9.95833401887935, going speed 43.0 and heading 258.0.",False
"There is a car at coordinates 53.54602787954626, 9.957794113062642, going speed 44.0 and heading 258.0.",False
"There is a car at coordinates 53.54595635547712, 9.957236952452826, going speed 45.0 and heading 258.0.",False
"There is a car at coordinates 53.54588680039282, 9.95665384248025, going speed 47.0 and heading 258.0.",False
"There is a car at coordinates 53.545813781140915, 9.956052156998815, going speed 49.0 and heading 258.0.",False
"There is a car at coordinates 53.54574693610465, 9.955425148269171, going speed 50.0 and heading 257.0.",False
"There is a car at coordinates 53.54569144860111, 9.954804462391754, going speed 48.0 and heading 262.0.",False
"There is a car at coordinates 53.545698991272175, 9.954213831444292, going speed 44.0 and heading 280.0.",False
"There is a car at coordinates 53.545863578029056, 9.953747861243052, going speed 40.0 and heading 314.0.",False
"There is a car at coordinates 53.54614045043032, 9.953491757090228, going speed 40.0 and heading 327.0.",False
"There is a car at coordinates 53.54636354867948, 9.95331752012579, going speed 27.0 and heading 336.0.",False
"There is a car at coordinates 53.546566901150776, 9.953302800014011, going speed 27.0 and heading 4.0.",False
"There is a car at coordinates 53.546810711577095, 9.953475380540144, going speed 37.0 and heading 23.0.",False
"There is a car at coordinates 53.54708771753878, 9.95367274095912, going speed 42.0 and heading 20.0.",False
"There is a car at coordinates 53.54738979123144, 9.953917661822876, going speed 45.0 and heading 27.0.",False
"There is a car at coordinates 53.54767913997826, 9.954179196802134, going speed 43.0 and heading 26.0.",False
"There is a car at coordinates 53.54796182762918, 9.954427385627795, going speed 42.0 and heading 25.0.",False
"There is a car at coordinates 53.54823873004836, 9.95464347121336, going speed 39.0 and heading 24.0.",False
"There is a car at coordinates 53.548467120883494, 9.954827307247376, going speed 29.0 and heading 24.0.",False
"There is a car at coordinates 53.54858346562301, 9.95490404775758, going speed 14.0 and heading 328.0.",False
"There is a car at coordinates 53.548659414902254, 9.954611672565887, going speed 20.0 and heading 285.0.",False
"There is a car at coordinates 53.5487066188559, 9.954334896479391, going speed 23.0 and heading 285.0.",False
"There is a car at coordinates 53.54875094693997, 9.954130639692186, going speed 12.0 and heading 285.0.",False
"There is a car at coordinates 53.5486098625147, 9.95394658282486, going speed 20.0 and heading 213.0.",False
"There is a car at coordinates 53.548453332346, 9.953808913347766, going speed 23.0 and heading 205.0.",False
"There is a car at coordinates 53.548278281725814, 9.95366055776378, going speed 25.0 and heading 206.0.",False
"There is a car at coordinates 53.54810377133565, 9.953535203262936, going speed 25.0 and heading 205.0.",False
"There is a car at coordinates 53.54793764347187, 9.953396988926745, going speed 24.0 and heading 205.0.",False
"There is a car at coordinates 53.547771364933965, 9.953270907130324, going speed 23.0 and heading 198.0.",False
"There is a car at coordinates 53.547623120480985, 9.953196158055816, going speed 19.0 and heading 202.0.",False
"There is a car at coordinates 53.54757415028524, 9.953002881985462, going speed 17.0 and heading 260.0.",False
"There is a car at coordinates 53.547545653916984, 9.95283439452966, going speed 17.0 and heading 283.0.",False
"There is a car at coordinates 53.54769347806339, 9.95253360389679, going speed 20.0 and heading 293.0.",False
"There is a car at coordinates 53.547757783341616, 9.952291424966432, going speed 21.0 and heading 292.0.",False
"There is a car at coordinates 53.54782726130388, 9.95207358797565, going speed 17.0 and heading 303.0.",False
"There is a car at coordinates 53.54790919189367, 9.951967514582249, going speed 14.0 and heading 341.0.",False
"There is a car at coordinates 53.54801144006604, 9.952083704605904, going speed 18.0 and heading 30.0.",False
"There is a car at coordinates 53.548149144709505, 9.952220353526052, going speed 23.0 and heading 31.0.",False
"There is a car at coordinates 53.548294185532896, 9.952353954035775, going speed 22.0 and heading 29.0.",False
"There is a car at coordinates 53.54844508770854, 9.952492788379152, going speed 24.0 and heading 29.0.",False
"There is a car at coordinates 53.54860562820642, 9.952649834963363, going speed 24.0 and heading 31.0.",False
"There is a car at coordinates 53.54875956343943, 9.952802243329437, going speed 23.0 and heading 31.0.",False
"There is a car at coordinates 53.54889195731981, 9.952932385869744, going speed 18.0 and heading 27.0.",False
"There is a car at coordinates 53.54896423203662, 9.95302865917326, going speed 13.0 and heading 70.0.",False
"There is a car at coordinates 53.54889823349828, 9.9532180268252, going speed 17.0 and heading 113.0.",False
"There is a car at coordinates 53.54884530423462, 9.953429674019423, going speed 16.0 and heading 110.0.",False
"There is a car at coordinates 53.54893582247861, 9.953583594596722, going speed 15.0 and heading 16.0.",False
"There is a car at coordinates 53.54907096438042, 9.953659367186534, going speed 18.0 and heading 17.0.",False
"There is a car at coordinates 53.54920172308172, 9.953726833091284, going speed 17.0 and heading 14.0.",False
"There is a car at coordinates 53.54927056293117, 9.953793316756276, going speed 8.0 and heading 34.0.",False
"There is a car at coordinates 53.54930023168838, 9.95394094293152, going speed 12.0 and heading 95.0.",False
"There is a car at coordinates 53.54927221859031, 9.95414154474632, going speed 14.0 and heading 99.0.",False
"There is a car at coordinates 53.54929605215952, 9.954242582814834, going speed 7.0 and heading 57.0.",False
"There is a car at coordinates 53.54930331739451, 9.954246070721284, going speed 4.0 and heading 57.0.",False
"There is a car at coordinates 53.54929189668432, 9.954244503342476, going speed 4.0 and heading 57.0.",False
"There is a car at coordinates 53.54928062924796, 9.954248442251636, going speed 3.0 and heading 57.0.",False
"There is a car at coordinates 53.54927911410408, 9.954245105632724, going speed 1.0 and heading 57.0.",False
"There is a car at coordinates 53.54926894506083, 9.954167311086618, going speed 9.0 and heading 66.0.",False
"There is a car at coordinates 53.54925091596396, 9.95402912517156, going speed 12.0 and heading 75.0.",False
"There is a car at coordinates 53.54930084818878, 9.953863338491376, going speed 10.0 and heading 92.0.",False
"There is a car at coordinates 53.54926947817714, 9.953739084219174, going speed 12.0 and heading 66.0.",False
"There is a car at coordinates 53.54929612156274, 9.953724822939746, going speed 17.0 and heading 199.0.",False
"There is a car at coordinates 53.549003192609014, 9.953584805068646, going speed 19.0 and heading 198.0.",False
"There is a car at coordinates 53.548912396099965, 9.953535079626272, going speed 7.0 and heading 196.0.",False
"There is a car at coordinates 53.5487910311324, 9.953703672704156, going speed 17.0 and heading 106.0.",False
"There is a car at coordinates 53.548748005287855, 9.953947560662012, going speed 19.0 and heading 106.0.",False
"There is a car at coordinates 53.54870126953647, 9.95405116369862, going speed 13.0 and heading 170.0.",False
"There is a car at coordinates 53.5485935953588, 9.953954753317683, going speed 17.0 and heading 213.0.",False
"There is a car at coordinates 53.54846707137725, 9.953840980581296, going speed 19.0 and heading 209.0.",False
"There is a car at coordinates 53.548371235407586, 9.95374473342168, going speed 8.0 and heading 206.0.",False
"There is a car at coordinates 53.548362877220235, 9.95369920167624, going speed 1.0 and heading 206.0.",False
"There is a car at coordinates 53.548382715115594, 9.953731232132482, going speed 2.0 and heading 205.0.",False
"There is a car at coordinates 53.54839560366777, 9.953741734047142, going speed 6.0 and heading 205.0.",False
"There is a car at coordinates 53.548409340824755, 9.95374270803105, going speed 1.0 and heading 205.0.",False
"There is a car at coordinates 53.54836233824899, 9.953722924869751, going speed 12.0 and heading 206.0.",False
"There is a car at coordinates 53.54822671757139, 9.953614963332257, going speed 22.0 and heading 206.0.",False
"There is a car at coordinates 53.54805502515336, 9.953488307391313, going speed 23.0 and heading 205.0.",False
"There is a car at coordinates 53.54789768640572, 9.953350657379628, going speed 23.0 and heading 205.0.",False
"There is a car at coordinates 53.54773636982068, 9.9532555054349, going speed 21.0 and heading 194.0.",False
"There is a car at coordinates 53.54761572995246, 9.953163165735312, going speed 14.0 and heading 202.0.",False
"There is a car at coordinates 53.54757959284835, 9.952987870119838, going speed 14.0 and heading 247.0.",False
"There is a car at coordinates 53.54754498688653, 9.952831633247008, going speed 13.0 and heading 247.0.",False
"There is a car at coordinates 53.5475286732245, 9.952950322371088, going speed 12.0 and heading 249.0.",False
"There is a car at coordinates 53.54759559744331, 9.953046926950584, going speed 12.0 and heading 223.0.",False
"There is a car at coordinates 53.54761432855303, 9.953192907495554, going speed 7.0 and heading 247.0.",False
"There is a car at coordinates 53.54762421987318, 9.953202062486104, going speed 0.0 and heading 236.0.",False
"There is a car at coordinates 53.54763399881019, 9.95322690787363, going speed 3.0 and heading 236.0.",False
"There is a car at coordinates 53.547647919718806, 9.953244978218388, going speed 4.0 and heading 229.0.",False
"There is a car at coordinates 53.547635733140794, 9.953243139336967, going speed 9.0 and heading 101.0.",False
"There is a car at coordinates 53.547570564290446, 9.953576342564183, going speed 15.0 and heading 104.0.",False
"There is a car at coordinates 53.54752416121846, 9.953772164509004, going speed 17.0 and heading 104.0.",False
"There is a car at coordinates 53.547484930452576, 9.953982172694444, going speed 19.0 and heading 110.0.",False
"There is a car at coordinates 53.54746160193197, 9.954225607199382, going speed 19.0 and heading 86.0.",False
"There is a car at coordinates 53.54749628163616, 9.95446949651943, going speed 19.0 and heading 75.0.",False
"There is a car at coordinates 53.547537527690835, 9.954728473463485, going speed 22.0 and heading 76.0.",False
"There is a car at coordinates 53.547574243914006, 9.955003217776664, going speed 21.0 and heading 76.0.",False
"There is a car at coordinates 53.54762828599199, 9.955275520591227, going speed 22.0 and heading 72.0.",False
"There is a car at coordinates 53.54764762645622, 9.955546694224244, going speed 22.0 and heading 87.0.",False
"There is a car at coordinates 53.54763990244109, 9.955803368171397, going speed 20.0 and heading 95.0.",False
"There is a car at coordinates 53.54762391876771, 9.956062499219223, going speed 19.0 and heading 100.0.",False
"There is a car at coordinates 53.54758955910096, 9.95631660796485, going speed 18.0 and heading 107.0.",False
"There is a car at coordinates 53.5475041320685, 9.95645599024337, going speed 16.0 and heading 163.0.",False
"There is a car at coordinates 53.54740884422072, 9.956420151637577, going speed 7.0 and heading 202.0.",False
"There is a car at coordinates 53.54739875612746, 9.956406752682266, going speed 2.0 and heading 202.0.",False
"There is a car at coordinates 53.54736765360713, 9.95634504426857, going speed 10.0 and heading 202.0.",False
"There is a car at coordinates 53.54732850053554, 9.95618132000817, going speed 16.0 and heading 247.0.",False
"There is a car at coordinates 53.54729876778792, 9.95607490373458, going speed 2.0 and heading 247.0.",False
"There is a car at coordinates 53.547296575841166, 9.956021020457616, going speed 7.0 and heading 247.0.",False
"There is a car at coordinates 53.547176219005294, 9.956101762983508, going speed 14.0 and heading 172.0.",False
"There is a car at coordinates 53.54703478479973, 9.956115588289414, going speed 17.0 and heading 177.0.",False
"There is a car at coordinates 53.547617802692784, 9.955161709898125, going speed 3.0 and heading 269.0.",False
"There is a car at coordinates 53.54760966179107, 9.955105809585532, going speed 3.0 and heading 276.0.",False
"There is a car at coordinates 53.54759920532686, 9.955057249733729, going speed 2.0 and heading 256.0.",False
"There is a car at coordinates 53.54759644775663, 9.95500213873497, going speed 4.0 and heading 257.0.",False
"There is a car at coordinates 53.5475888389742, 9.95494432664612, going speed 3.0 and heading 269.0.",False
"There is a car at coordinates 53.547569596412416, 9.954867207379142, going speed 4.0 and heading 260.0.",False
"There is a car at coordinates 53.547561072126506, 9.954811494329606, going speed 3.0 and heading 258.0.",False
"There is a car at coordinates 53.54753965841891, 9.95474632223556, going speed 4.0 and heading 246.0.",False
"There is a car at coordinates 53.54754245748352, 9.95467511483531, going speed 3.0 and heading 263.0.",False
"There is a car at coordinates 53.54752639467911, 9.95461618421346, going speed 3.0 and heading 255.0.",False
"There is a car at coordinates 53.54749808266954, 9.954541590478057, going speed 3.0 and heading 246.0.",False
"There is a car at coordinates 53.547479781506475, 9.95448726495858, going speed 2.0 and heading 254.0.",False
"There is a car at coordinates 53.54745970928502, 9.954436776021442, going speed 2.0 and heading 258.0.",False
"There is a car at coordinates 53.54743748878301, 9.954386269023027, going speed 3.0 and heading 243.0.",False
"There is a car at coordinates 53.54742932816528, 9.95432927916028, going speed 2.0 and heading 262.0.",False
"There is a car at coordinates 53.54742034807904, 9.954252827155848, going speed 4.0 and heading 267.0.",False
"There is a car at coordinates 53.5474265894345, 9.95417330742062, going speed 4.0 and heading 273.0.",False
"There is a car at coordinates 53.547450489652995, 9.95410341678564, going speed 4.0 and heading 270.0.",False
"There is a car at coordinates 53.54747084542266, 9.954045059922535, going speed 4.0 and heading 285.0.",False
"There is a car at coordinates 53.54750230145737, 9.953962132729616, going speed 4.0 and heading 286.0.",False
"There is a car at coordinates 53.54752064973779, 9.9538948061162, going speed 4.0 and heading 285.0.",False
"There is a car at coordinates 53.54754088143441, 9.95383233854768, going speed 4.0 and heading 296.0.",False
"There is a car at coordinates 53.54754770388221, 9.953762504878569, going speed 4.0 and heading 290.0.",False
"There is a car at coordinates 53.54756278896363, 9.953695633576537, going speed 5.0 and heading 293.0.",False
"There is a car at coordinates 53.54756743503714, 9.953632549773456, going speed 4.0 and heading 289.0.",False
"There is a car at coordinates 53.54758202221837, 9.953591067453663, going speed 3.0 and heading 306.0.",False
"There is a car at coordinates 53.54760610853843, 9.953540564876567, going speed 3.0 and heading 295.0.",False
"There is a car at coordinates 53.547618072400496, 9.95348605449604, going speed 3.0 and heading 282.0.",False
"There is a car at coordinates 53.54762273252768, 9.953425606677868, going speed 3.0 and heading 285.0.",False
"There is a car at coordinates 53.54765302223183, 9.953393205359632, going speed 4.0 and heading 322.0.",False
"There is a car at coordinates 53.54766443088066, 9.953348409135614, going speed 2.0 and heading 299.0.",False
"There is a car at coordinates 53.54767891740381, 9.953300458327456, going speed 3.0 and heading 312.0.",False
"There is a car at coordinates 53.54768256055305, 9.953241850759255, going speed 2.0 and heading 303.0.",False
"There is a car at coordinates 53.54771033998358, 9.95322358160074, going speed 2.0 and heading 334.0.",False
"There is a car at coordinates 53.54770565923237, 9.953226317570286, going speed 1.0 and heading 352.0.",False
"There is a car at coordinates 53.547710700371354, 9.953178798160716, going speed 1.0 and heading 352.0.",False
"There is a car at coordinates 53.547747677264, 9.95311997695233, going speed 5.0 and heading 13.0.",False
"There is a car at coordinates 53.54777172405906, 9.953127957587414, going speed 1.0 and heading 16.0.",False
"There is a car at coordinates 53.54782401864914, 9.953101181730734, going speed 10.0 and heading 342.0.",False
"There is a car at coordinates 53.54791436237817, 9.95302669204552, going speed 11.0 and heading 332.0.",False
"There is a car at coordinates 53.54797130154513, 9.952958696391928, going speed 3.0 and heading 291.0.",False
"There is a car at coordinates 53.54795487315405, 9.952919237187304, going speed 4.0 and heading 286.0.",False
"There is a car at coordinates 53.54795487315405, 9.952919237187304, going speed 4.0 and heading 286.0.",False
"There is a car at coordinates 53.5479398540409, 9.952862669699668, going speed 1.0 and heading 294.0.",False
"There is a car at coordinates 53.54792088274455, 9.952893667851686, going speed 1.0 and heading 294.0.",False
"There is a car at coordinates 53.54791925274619, 9.952908874995323, going speed 1.0 and heading 294.0.",False
"There is a car at coordinates 53.54792137590875, 9.952913297920286, going speed 1.0 and heading 294.0.",False
"There is a car at coordinates 53.54796285317699, 9.9529365533236, going speed 1.0 and heading 294.0.",False
"There is a car at coordinates 53.54800502670593, 9.95297692224443, going speed 2.0 and heading 294.0.",False
"There is a car at coordinates 53.54802227466201, 9.95296228488352, going speed 3.0 and heading 294.0.",False
"There is a car at coordinates 53.548038577591385, 9.952948403877189, going speed 6.0 and heading 307.0.",False
"There is a car at coordinates 53.54806143909998, 9.9529346973779, going speed 4.0 and heading 298.0.",False
"There is a car at coordinates 53.54808497589686, 9.952899951990176, going speed 4.0 and heading 297.0.",False
"There is a car at coordinates 53.54810107732487, 9.952852451261837, going speed 5.0 and heading 296.0.",False
"There is a car at coordinates 53.548118650488654, 9.952802584559196, going speed 5.0 and heading 296.0.",False
"There is a car at coordinates 53.548124512723426, 9.952785882994617, going speed 5.0 and heading 296.0.",False
"There is a car at coordinates 53.548124512723426, 9.952785882994617, going speed 5.0 and heading 296.0.",False
"There is a car at coordinates 53.548124512723426, 9.952785882994617, going speed 5.0 and heading 296.0.",False
"There is a car at coordinates 53.548124512723426, 9.952785882994617, going speed 5.0 and heading 296.0.",False
"There is a car at coordinates 53.54811616244379, 9.952834737555118, going speed 1.0 and heading 297.0.",False
"There is a car at coordinates 53.5481196614688, 9.9528282334348, going speed 1.0 and heading 297.0.",False
"There is a car at coordinates 53.5481196614688, 9.9528282334348, going speed 1.0 and heading 297.0.",False
"There is a car at coordinates 53.5481196614688, 9.9528282334348, going speed 1.0 and heading 297.0.",False
"There is a car at coordinates 53.5481196614688, 9.9528282334348, going speed 1.0 and heading 297.0.",False
"There is a car at coordinates 53.5481196614688, 9.9528282334348, going speed 1.0 and heading 297.0.",False
"There is a car at coordinates 53.5481196614688, 9.9528282334348, going speed 1.0 and heading 297.0.",False
"There is a car at coordinates 53.5481196614688, 9.9528282334348, going speed 1.0 and heading 297.0.",False
"There is a car at coordinates 53.5481196614688, 9.9528282334348, going speed 1.0 and heading 297.0.",False
"There is a car at coordinates 53.5481196614688, 9.9528282334348, going speed 1.0 and heading 297.0.",False
"There is a car at coordinates 53.5481196614688, 9.9528282334348, going speed 1.0 and heading 297.0.",False
"There is a car at coordinates 53.5481196614688, 9.9528282334348, going speed 1.0 and heading 297.0.",False
"There is a car at coordinates 53.54773550385377, 9.953247548324413, going speed 1.0 and heading 297.0.",False
"There is a car at coordinates 53.547740962705554, 9.953233703806506, going speed 2.0 and heading 297.0.",False
"There is a car at coordinates 53.54777871099812, 9.95302215137679, going speed 1.0 and heading 297.0.",False
"There is a car at coordinates 53.547772471888415, 9.95306126658422, going speed 1.0 and heading 344.0.",False
"There is a car at coordinates 53.54777206414495, 9.953072833967385, going speed 1.0 and heading 314.0.",False
"There is a car at coordinates 53.54776594838625, 9.953071663285044, going speed 0.0 and heading 311.0.",False
"There is a car at coordinates 53.54776676033171, 9.953070872153512, going speed 0.0 and heading 311.0.",False
"There is a car at coordinates 53.54784753463547, 9.953023962217223, going speed 11.0 and heading 333.0.",False
"There is a car at coordinates 53.547846065909006, 9.952986041963838, going speed 0.0 and heading 320.0.",False
"There is a car at coordinates 53.547850494772106, 9.95301168798508, going speed 1.0 and heading 340.0.",False
"There is a car at coordinates 53.5478363180895, 9.953023963670596, going speed 1.0 and heading 340.0.",False
"There is a car at coordinates 53.54785257785366, 9.953017408760678, going speed 3.0 and heading 340.0.",False
"There is a car at coordinates 53.54786873662863, 9.952999681277957, going speed 3.0 and heading 299.0.",False
"There is a car at coordinates 53.5478788174691, 9.952962764111035, going speed 4.0 and heading 303.0.",False
"There is a car at coordinates 53.54789097639661, 9.952917572044395, going speed 3.0 and heading 299.0.",False
"There is a car at coordinates 53.54778515057933, 9.953086637944962, going speed 1.0 and heading 299.0.",False
"There is a car at coordinates 53.547787260307985, 9.953080538576648, going speed 1.0 and heading 299.0.",False
"There is a car at coordinates 53.54778837276735, 9.953077023050827, going speed 1.0 and heading 299.0.",False
"There is a car at coordinates 53.54778837276735, 9.953077023050827, going speed 1.0 and heading 299.0.",False
"There is a car at coordinates 53.54778837276735, 9.953077023050827, going speed 1.0 and heading 299.0.",False
"There is a car at coordinates 53.54778837276735, 9.953077023050827, going speed 1.0 and heading 299.0.",False
"There is a car at coordinates 53.54778837276735, 9.953077023050827, going speed 1.0 and heading 299.0.",False
"There is a car at coordinates 53.54778837276735, 9.953077023050827, going speed 1.0 and heading 299.0.",False
"There is a car at coordinates 53.54778837276735, 9.953077023050827, going speed 1.0 and heading 299.0.",False
"There is a car at coordinates 53.54778837276735, 9.953077023050827, going speed 1.0 and heading 299.0.",False
"There is a car at coordinates 53.54778837276735, 9.953077023050827, going speed 1.0 and heading 299.0.",False
"There is a car at coordinates 53.54778837276735, 9.953077023050827, going speed 1.0 and heading 299.0.",False
"There is a car at coordinates 53.5444986, 9.9489643, going speed 42.0 and heading 71.0.",False
"There is a car at coordinates 53.544600499999994, 9.9494822, going speed 43.0 and heading 67.0.",False
"There is a car at coordinates 53.5447173, 9.9500085, going speed 43.0 and heading 69.0.",False
"There is a car at coordinates 53.5448488, 9.9505328, going speed 44.0 and heading 69.0.",False
"There is a car at coordinates 53.5449564, 9.9510502, going speed 40.0 and heading 72.0.",False
"There is a car at coordinates 53.5450571, 9.9515349, going speed 39.0 and heading 69.0.",False
"There is a car at coordinates 53.5451531, 9.951998799999998, going speed 34.0 and heading 71.0.",False
"There is a car at coordinates 53.5452282, 9.9523592, going speed 20.0 and heading 70.0.",False
"There is a car at coordinates 53.545276900000005, 9.9525901, going speed 19.0 and heading 73.0.",False
"There is a car at coordinates 53.545342100000006, 9.952829800000002, going speed 21.0 and heading 71.0.",False
"There is a car at coordinates 53.545397699999995, 9.953063599999998, going speed 13.0 and heading 70.0.",False
"There is a car at coordinates 53.5454342, 9.953221, going speed 11.0 and heading 69.0.",False
"There is a car at coordinates 53.5454792, 9.953388100000002, going speed 18.0 and heading 67.0.",False
"There is a car at coordinates 53.545511445198, 9.95358468197296, going speed 15.0 and heading 67.0.",False
"There is a car at coordinates 53.54555899105012, 9.953812838413004, going speed 19.0 and heading 62.0.",False
"There is a car at coordinates 53.545612623634895, 9.954018567005978, going speed 25.0 and heading 72.0.",False
"There is a car at coordinates 53.5456005140363, 9.954368660089354, going speed 39.0 and heading 92.0.",False
"There is a car at coordinates 53.545621531093865, 9.954944501937634, going speed 45.0 and heading 77.0.",False
"There is a car at coordinates 53.54569595362336, 9.955510925430836, going speed 47.0 and heading 76.0.",False
"There is a car at coordinates 53.5496654, 9.966087, going speed 2.0 and heading 254.0.",False
"There is a car at coordinates 53.549658699999995, 9.9660392, going speed 4.0 and heading 259.0.",False
"There is a car at coordinates 53.5496504, 9.965974500000002, going speed 7.0 and heading 257.0.",False
"There is a car at coordinates 53.54963680000001, 9.9658583, going speed 11.0 and heading 262.0.",False
"There is a car at coordinates 53.5496226, 9.965687, going speed 14.0 and heading 262.0.",False
"There is a car at coordinates 53.5496089, 9.9655051, going speed 15.0 and heading 263.0.",False
"There is a car at coordinates 53.54959690000001, 9.9653601, going speed 15.0 and heading 261.0.",False
"There is a car at coordinates 53.5495745, 9.9651296, going speed 16.0 and heading 260.0.",False
"There is a car at coordinates 53.54955350000001, 9.9649314, going speed 16.0 and heading 260.0.",False
"There is a car at coordinates 53.5495291, 9.9647017, going speed 16.0 and heading 260.0.",False
"There is a car at coordinates 53.549509099999995, 9.9645074, going speed 14.0 and heading 260.0.",False
"There is a car at coordinates 53.5494895, 9.964313999999998, going speed 14.0 and heading 260.0.",False
"There is a car at coordinates 53.5494696, 9.964129800000002, going speed 15.0 and heading 258.0.",False
"There is a car at coordinates 53.54943960000001, 9.9639444, going speed 12.0 and heading 252.0.",False
"There is a car at coordinates 53.5494153, 9.9638042, going speed 10.0 and heading 260.0.",False
"There is a car at coordinates 53.5494027, 9.9636834, going speed 8.0 and heading 261.0.",False
"There is a car at coordinates 53.54939219999999, 9.963584, going speed 5.0 and heading 263.0.",False
"There is a car at coordinates 53.5493953, 9.9635051, going speed 4.0 and heading 287.0.",False
"There is a car at coordinates 53.5493998, 9.9634471, going speed 3.0 and heading 267.0.",False
"There is a car at coordinates 53.5493943, 9.9633345, going speed 12.0 and heading 263.0.",False
"There is a car at coordinates 53.5493824, 9.963194800000002, going speed 9.0 and heading 261.0.",False
"There is a car at coordinates 53.549374199999995, 9.9630988, going speed 5.0 and heading 262.0.",False
"There is a car at coordinates 53.54937029999999, 9.9630493, going speed 2.0 and heading 263.0.",False
"There is a car at coordinates 53.549368400000006, 9.9630255, going speed 1.0 and heading 263.0.",False
"There is a car at coordinates 53.5493649, 9.9629802, going speed 4.0 and heading 263.0.",False
"There is a car at coordinates 53.54936120000001, 9.962933199999998, going speed 3.0 and heading 262.0.",False
"There is a car at coordinates 53.5493579, 9.9628907, going speed 2.0 and heading 262.0.",False
"There is a car at coordinates 53.54935439999999, 9.9628476, going speed 4.0 and heading 263.0.",False
"There is a car at coordinates 53.5493499, 9.9627851, going speed 3.0 and heading 263.0.",False
"There is a car at coordinates 53.5493463, 9.9627352, going speed 3.0 and heading 263.0.",False
"There is a car at coordinates 53.549342499999995, 9.9626903, going speed 2.0 and heading 261.0.",False
"There is a car at coordinates 53.549339399999994, 9.9626561, going speed 2.0 and heading 262.0.",False
"There is a car at coordinates 53.5493342, 9.962576699999998, going speed 5.0 and heading 268.0.",False
"There is a car at coordinates 53.5493796, 9.9624892, going speed 12.0 and heading 334.0.",False
"There is a car at coordinates 53.5494412, 9.9624716, going speed 14.0 and heading 355.0.",False
"There is a car at coordinates 53.5495461, 9.9624116, going speed 18.0 and heading 300.0.",False
"There is a car at coordinates 53.54954980000001, 9.9621534, going speed 28.0 and heading 263.0.",False
"There is a car at coordinates 53.54954080000001, 9.9617678, going speed 31.0 and heading 267.0.",False
"There is a car at coordinates 53.54954120000001, 9.9613751, going speed 31.0 and heading 273.0.",False
"There is a car at coordinates 53.5495421, 9.9610334, going speed 30.0 and heading 273.0.",False
"There is a car at coordinates 53.549548699999995, 9.96064, going speed 25.0 and heading 273.0.",False
"There is a car at coordinates 53.5495521, 9.960338300000002, going speed 16.0 and heading 273.0.",False
"There is a car at coordinates 53.549547, 9.960165599999998, going speed 6.0 and heading 273.0.",False
"There is a car at coordinates 53.5495476, 9.960098699999998, going speed 6.0 and heading 273.0.",False
"There is a car at coordinates 53.54954970000001, 9.959957, going speed 20.0 and heading 273.0.",False
"There is a car at coordinates 53.5495549, 9.9596765, going speed 29.0 and heading 271.0.",False
"There is a car at coordinates 53.5495682, 9.9592795, going speed 34.0 and heading 272.0.",False
"There is a car at coordinates 53.5495936, 9.9588239, going speed 38.0 and heading 276.0.",False
"There is a car at coordinates 53.5496398, 9.9583333, going speed 40.0 and heading 280.0.",False
"There is a car at coordinates 53.5496954, 9.9578243, going speed 40.0 and heading 281.0.",False
"There is a car at coordinates 53.5497445, 9.9573544, going speed 32.0 and heading 279.0.",False
"There is a car at coordinates 53.549778399999994, 9.956928, going speed 34.0 and heading 276.0.",False
"There is a car at coordinates 53.549809800000006, 9.9565083, going speed 19.0 and heading 279.0.",False
"There is a car at coordinates 53.54982790000001, 9.9563332, going speed 7.0 and heading 282.0.",False
"There is a car at coordinates 53.54980060265136, 9.956237653331453, going speed 7.0 and heading 271.0.",False
"There is a car at coordinates 53.549801395532974, 9.95616695244221, going speed 2.0 and heading 271.0.",False
"There is a car at coordinates 53.5498762, 9.9560958, going speed 14.0 and heading 284.0.",False
"There is a car at coordinates 53.54990670000001, 9.9558973, going speed 16.0 and heading 297.0.",False
"There is a car at coordinates 53.549981966540216, 9.955698271289007, going speed 23.0 and heading 345.0.",False
"There is a car at coordinates 53.5502067, 9.9557463, going speed 31.0 and heading 6.0.",False
"There is a car at coordinates 53.5504365, 9.9557893, going speed 30.0 and heading 5.0.",False
"There is a car at coordinates 53.55066849999999, 9.955831299999998, going speed 29.0 and heading 2.0.",False
"There is a car at coordinates 53.55087919999999, 9.9558496, going speed 26.0 and heading 1.0.",False
"There is a car at coordinates 53.5510662590105, 9.95581773200824, going speed 23.0 and heading 2.0.",False
"There is a car at coordinates 53.5512535561723, 9.955842452762486, going speed 27.0 and heading 5.0.",False
"There is a car at coordinates 53.55145968286671, 9.955870187888436, going speed 31.0 and heading 1.0.",False
"There is a car at coordinates 53.5517091, 9.9559038, going speed 35.0 and heading 2.0.",False
"There is a car at coordinates 53.54631176255643, 9.966652783913156, going speed 47.0 and heading 279.0.",False
"There is a car at coordinates 53.54635578405067, 9.966249694142448, going speed 24.0 and heading 279.0.",False
"There is a car at coordinates 53.54636304109409, 9.966164944821545, going speed 1.0 and heading 279.0.",False
"There is a car at coordinates 53.54639248705, 9.965954183244934, going speed 23.0 and heading 279.0.",False
"There is a car at coordinates 53.54642824051222, 9.965515498633469, going speed 38.0 and heading 278.0.",False
"There is a car at coordinates 53.546472848248314, 9.964964153012575, going speed 45.0 and heading 277.0.",False
"There is a car at coordinates 53.54650985726189, 9.964364185804698, going speed 48.0 and heading 274.0.",False
"There is a car at coordinates 53.54653159784056, 9.963746971924838, going speed 49.0 and heading 272.0.",False
"There is a car at coordinates 53.54653289930006, 9.96313333222808, going speed 48.0 and heading 268.0.",False
"There is a car at coordinates 53.5465080369846, 9.962526998292995, going speed 47.0 and heading 266.0.",False
"There is a car at coordinates 53.5464726216491, 9.961928841572396, going speed 47.0 and heading 264.0.",False
"There is a car at coordinates 53.54643402158462, 9.961329462555936, going speed 47.0 and heading 261.0.",False
"There is a car at coordinates 53.54638099970671, 9.96072224317542, going speed 48.0 and heading 260.0.",False
"There is a car at coordinates 53.54631748652177, 9.960124849041517, going speed 48.0 and heading 259.0.",False
"There is a car at coordinates 53.54624578452794, 9.959526716648543, going speed 48.0 and heading 258.0.",False
"There is a car at coordinates 53.54617110843348, 9.958930457846009, going speed 48.0 and heading 258.0.",False
"There is a car at coordinates 53.546097210918845, 9.958329103888117, going speed 48.0 and heading 258.0.",False
"There is a car at coordinates 53.5460208856027, 9.957728973706953, going speed 48.0 and heading 258.0.",False
"There is a car at coordinates 53.545946429577, 9.95713342946416, going speed 48.0 and heading 258.0.",False
"There is a car at coordinates 53.545877558996175, 9.95654015241566, going speed 47.0 and heading 258.0.",False
"There is a car at coordinates 53.54580605067317, 9.955950226265909, going speed 47.0 and heading 258.0.",False
"There is a car at coordinates 53.54572945238071, 9.955357297919823, going speed 48.0 and heading 257.0.",False
"There is a car at coordinates 53.545666304751606, 9.954757766416217, going speed 48.0 and heading 262.0.",False
"There is a car at coordinates 53.54567994128187, 9.954175091441297, going speed 45.0 and heading 280.0.",False
